公司名稱,公司產品,職稱,公司所在縣市
"91APP_九易宇軒股份有限公司
                    ","OMO是執行D2C最有效方法，91APP作為品牌背後重要的數位軍火庫，持續深化與擴大OMO在D2C趨勢下的各項產品服務，協助品牌數位轉型，快速切入電商市場與全通路布局，提升效率，促進獲利，透過 91APP 產品X服務的獨特商業模式，助攻客戶，向上成長，發揮 D2C 綜效。

展望未來，91APP將持續強化大型客戶市佔率，深化與推出新產品服務、結合合作夥伴聯軍力量，擴大營運規模，並將持續掌握趨勢，累積營運實務經驗，引領品牌數位升級。
","380    軟體測試工程師 / Quality Assurance Engineer (QA)
Name: job_name, dtype: object","380    台北市
Name: company_addr, dtype: object"
"GARMIN_台灣國際航電股份有限公司
                    ","【使命 Our Mission】成為一個永續經營的公司; 在汽車、航空、航海、戶外休閒、以及運動各領域，提供客戶生活中不可或缺的卓越產品。 
【願景 Our Vision】 在每一個市場領域都成為全球的領導者; 以驚豔的設計，卓越的品質，以及超越的價值廣受客戶喜愛。 
【價值 Our Values】 我們的企業文化是建立在誠實、廉正與尊重的基礎上; 抱持決心全力以赴的精神，以實踐對同仁、客戶與合作夥伴的承諾。

● 雨天經營學 - Garmin經營管理的核心精神：秉持著「產品至上」的理念，在產品上提早研發布局，成功跨足智慧穿戴市場並開拓一片新藍海；在財務上維持產品毛利與淨利表現，不舉債保持高現金流量以應付千變萬化的市場狀況。
● 走鋼索的勇氣 - Garmin總是挑最難的下手：在2000年美國解除GPS定位限制以前，就提早進入GPS領域進行研究，成為第一位探勘者，並從最困難的航空領域產品進行產品開發。","152    IT軟體工程師(商業智慧與流程管理)_汐止UTOWN
175        系統驗證專案管理工程師(車載產品_車載網路)
222                    測試製程工程師_汐止
252       MES工程師(Web Application)
297        自動化工程師(機電/電控)_汐止/林口/新店
336              軟體工程師(Bluetooth)
389            系統維運助理(副)工程師(車載產品)
Name: job_name, dtype: object","152    新北市
175    新北市
222    新北市
252    新北市
297    新北市
336    新北市
389    新北市
Name: company_addr, dtype: object"
"Inventec_英業達股份有限公司
                    ",英業達全體員工秉持集團會長 葉國一先生所提出的經營理念 -「創新、品質、虛心、力行」，從虛心積極的態度，到客觀前瞻的決策思維，群策群力，不斷創新價值，貫徹執行，力求品質完美。,"362    AI 軟體工程師
Name: job_name, dtype: object","362    台北市
Name: company_addr, dtype: object"
"Molex Taiwan Ltd._台灣莫仕股份有限公司
                    ","* Molex 的願景 
通過研發、促成和整合應用技術改善人們的生活和企業的產品及業績，進而成為全球領先的電子解決方案供應商。 我們將注重由Molex 和科氏工業集團的聯合而形成的綜合能力和機會，實現其最大價值。
* 專注績效和創新
Molex 以創新和預測顧客需求而聞名，我們不吝聘請世界上最優秀、最有智慧的創新思維的專業經理人和工程師，而且大量投資於研發，目前設計生產10萬多種產品，並且在此基礎上每日推陳出新。  
* 抓住成長機會，不斷發展壯大
我們知道，世界級企業需要世界級人才。因此，我們與員工共同制定職業生涯目標，並使目標具有挑戰性，且得到員工的積極響應。Molex意識到，沒有員工的成功，就沒有公司的成功。
* 多樣性和包容性
在Molex，我們尊重員工的多樣性，不斷推展多樣性和包容性文化建設，在全球各單位激發創新意識，以推動公司實現高績效。我們希望大家積極參與公司的多樣性文化建設。多樣性對我們來說，不僅是指種族、民族和老中青的差異，其內涵比這些差異豐富得多。多樣性文化旨在通過創造包容性的環境來歡迎和融合各種想法、意見和觀點，以實現創新。 
* 環保健康和安全理念
保護全球環境，是所有人的重要任務。Molex全球各單位提供安全的工作環境，採取環保經營方式。我們的全球ECOCARE環保計畫，確保我們對環境產生積極影響。
* 我們為員工提供
-有競爭力的薪酬和福利   -學習和發展機會   -全球經驗   -對所有民族和文化的尊重   -健康和安全的工作條件

請應徵者注意: 
- Molex 所有職位均不會有性別限制                                                                           
- Molex 所有職位應徵者須年滿18歲
- Molex 歡迎所有人員前來應徵，本公司是一個提供公平就業機會的雇主。對於種族、膚色、宗教信仰、性別、原始國籍、出身、年齡、性別認同、公民省份、性取向、婚姻狀態、父母或家庭情況、懷孕、未服兵役、遺傳信息、精神或身體障礙或殘疾、退伍軍人或其它國家或當地法律規定禁止的事項，我們在招聘和雇傭過程中無任何歧視。我們不會拒絕聘用任何經適當調整可以履行主要工作職能的殘疾人士。","240    Senior RF/Mixed Signal Product Engineer - CCS ...
Name: job_name, dtype: object","240    新竹市
Name: company_addr, dtype: object"
"O-Bank_王道商業銀行股份有限公司
                    ","王道銀行以「榮譽、誠信、團隊、專業、創新」為企業的核心價值，並以前瞻的眼光、積極的創新、專業的能力，掌握業務發展契機，追求永續的經營與卓越的成長。

反映在實際的經營理念上，本行努力實踐對顧客、股東、員工與社會的四大承諾：對顧客，以專業的態度，不斷創新業務，以滿足客戶的需求﹔對股東，以穩健踏實的經營、卓越的成長，期能為股東提供最大化的投資效益﹔對員工，希望藉由榮譽制度及團隊合作，達到企業與員工共同成長、共攀高峰的目的﹔對社會，則本著企業公民回饋社會的信念，為經濟發展及社會進步貢獻一己之力。","278    數據專案規劃驅動人員
Name: job_name, dtype: object","278    台北市
Name: company_addr, dtype: object"
"OmniVision_台灣豪威科技有限公司
                    ","我們致力於精益求精、追求卓越，透過強化核心競爭力以增進並創新影像解決方案，使其有效運用於各項尖端驅動輔助系統並佈及全球。在企業經營上，堅持提供優良的品質與服務，並對客戶、供應商以及我們生活的社會遵守誠信和公平原則；尤其，客戶的滿意度對我們更是至關重要。

Our commitment to excellence is demonstrated by our drive to continuously improve what we do through our adherence to forward-looking principles. Enhance and create innovative solutions by continuously improving our capabilities and core competencies. OMNIVISION's products and solutions are enabling cutting-edge driver assistant systems that are being deployed around the world. Dedication to quality and service is integral to our business practices. Maintain integrity and fairness with our customers, our suppliers, and the communities in which we live and work. Customer satisfaction is paramount to our business.
","93    (Staff/Sr.) Test Integration Engineer - I
Name: job_name, dtype: object","93    新竹市
Name: company_addr, dtype: object"
"Roku_六科匯流股份有限公司
                    ","Roku is a great place for people who want to work in a fast-paced environment where everyone is focused on the company’s success rather than their own. We’re independent thinkers with big ideas who act boldly, move fast and accomplish extraordinary things through collaboration and trust.

We come from diverse backgrounds and bring unique strengths. We are a team, and every player is key to Roku’s success.","298           Business Intelligence Engineer
319    Senior Business Intelligence Engineer
361           Manager, Business Intelligence
Name: job_name, dtype: object","298    新竹縣
319    新竹縣
361    新竹縣
Name: company_addr, dtype: object"
"TUV_台灣德國萊因技術監護顧問股份有限公司
                    "," 對下列業務提供認可、鑑定、檢驗及諮詢技術服務︰
 E606010 用電設備檢驗維護業
F213030 電腦及事務性機器設備零售業
F213040 精密儀器零售業
F213100 污染防治設備零售業
F218010 資訊軟體零售業
F219010 電子材料零售業
F401010 國際貿易業
I101080 工、礦顧問業
I103060 管理顧問業
I199990 其他顧問服務業
I301010 資訊軟體服務業
I301020 資料處理服務業
I301050 實境體感應用服務業
IB01010 建築物公共安全檢查業
IF01010 消防安全設備檢修業
IF04010 非破壞檢測業
IG02010 研究發展服務業
IG03010 能源技術服務業
IZ07010 公證業
IZ09010 管理系統驗證業
IZ13010 網路認證服務業
IZ15010 市場研究及民意調查業
IZ99990 其他工商服務業
J101050 環境檢測服務業
J101990 其他環境衛生及污染防治服務業
JB01010 會議及展覽服務業
ZZ99999 除許可業務外，得經營法令非禁止或限制之業務
","84    專案經理-System Development of Wireless / IoT(4834)
Name: job_name, dtype: object","84    台北市
Name: company_addr, dtype: object"
"TVBS_聯利媒體股份有限公司
                    ","我們重視的「T觀點」
真實Truth、信賴Trust、科技Technology
「持續運用最領先的科技、提供最真實的資訊，成為最受信賴的品牌」

我們要「一步一腳印 發現新台灣」
We Lead The Market
與時俱進，以最新科技與專業維持媒體領導品牌的地位
We Are The Consciousness Of The Society
導正台灣媒體生態，真實公正報導，堅守社會教育者的良知良能
We Care About This Land And The People Live On It
善用媒體資源，善盡社會責任，關懷生態文明與永續發展

我們的「十點不一樣」
立足亞洲市場，運用全球思維，延伸媒體觸角。以多角佈局，結合旗下IP品牌，打造兼具新聞報導、影視娛樂、電商通路、演藝經紀和生技產品等於一身的全方位媒體。","322    資深PHP網站工程師Sr. Backend Engineer(CodeIgniter, La...
Name: job_name, dtype: object","322    台北市
Name: company_addr, dtype: object"
"Vyond_香港商高創動訊有限公司台灣分公司
                    ","用戶可以透過Vyond的平台，簡單快捷地自行製作動畫，讓商界、學校、中小企以至個別用戶便捷地在網上直接製作及發佈動畫影片。

MAKING A VIDEO SHOULDN’T BE A DRAG. IT SHOULD BE DRAG & DROP.

Videos could and should be everywhere. Businesses use them to explain complex topics, train employees or just share a sense of humanity. Teachers and students use them to exercise higher-order learning skills, such as creativity and critical thinking, in the classroom. Individuals use them to make their friends laugh, better visualize their favorite song, or just say, “I miss you” to someone special.

What’s the problem? Making a video is hard. People perceive it as one of those black-box processes they can’t even wrap their head around. If they think it through (most mentally run screaming before even getting this far), they think it’s going to take a long time, cost a lot and be really, really hard.

That’s how the company got started. Point, click, drag, drop. Voila! Animated videos for everyone!","261    Senior Software Engineer (Animation and Graphi...
360                                 Lead DevOps Engineer
372                                Senior Engineer (R&D)
Name: job_name, dtype: object","261    台北市
360    台北市
372    台北市
Name: company_addr, dtype: object"
"friDay購物_遠時數位科技股份有限公司
                    ","公司使命: 讓消費者更省錢，讓供應商更賺錢，讓員⼯更有價值
十個價值原則:
成事：只做事沒價值，完成對的事情才有價值
時效：讓更對的事儘快發⽣，解除使⽤者的委屈 
革舊：過去的都可被改善，墨守成規容易被淘汰 
承擔：當責越重價值越⾼，迴避只會稀釋⾃⼰ 
樂觀：每個現在都是原點，未來只會更好 
獎懲：成功要獎勵，失敗要⿎勵，怠慢要嚴厲 
真實：溝通要有具體場景對應，虛詞引導誤判 
助人：⾏有餘⼒，樂於助⼈，形成集體智慧 
無畏：挑戰⾼標，多做多對取代少做少錯 
尊客：同⼼客⼈的不便，設計體貼的流程與回應

四個您應該加入我們的理由 : 
 
1.團隊炫酷：
我們的成員年輕有熱情有抱負，每一時刻都有新奇的事物在發生。我們共同打造出一個生動有趣，充滿遠傳friDay購物團隊精神的工作環境！

2.合作文化：
我們相信一個偉大的團隊背後，需要各種意見和想法。團隊成員互相討論來激盪出不一樣的火花，以行銷及商品團隊的策略以及IT後端的搭配，創造令人驚艷的遠傳friDay購物 !

3.決策透明 : 
每位成員都能提出意見公開討論，並且成為參與決策的一份子。攜手為公司創造出美好的現在及未來！

4.自我成長： 
我們鼓勵每個人提出自己的想法、發起自己喜愛的專案，並從中培養專長， 持續學習、持續進步!

我們的團隊正在快速轉型階段，擁有能展現自我的最佳舞台，尋找對電商產業有興趣、具有大膽想法、高執行力想一展長才優秀的你!
歡迎加入遠傳friDay 購物團隊與我們一起努力，創造未來更多可能!","182    遠傳friDay購物 -Infra工程師
Name: job_name, dtype: object","182    台北市
Name: company_addr, dtype: object"
"三弦科技有限公司
                    ","軟體開發：包括定制軟體開發、Web開發、行動應用程式開發等。
軟體測試：提供軟體品質保證服務，確保軟體在各種環境下都能正常運作。
軟體維護：包括修復軟體錯誤、更新軟體版本、優化軟體性能等。
資料庫開發：專門為企業或組織設計和開發資料庫。
系統集成：協助企業將現有的軟體和硬體整合在一起，以提高效率和效能。
技術支援：為企業提供IT技術支援，包括軟體安裝、網路配置、數據恢復等。
安全性和隱私：協助企業確保其軟體和數據的安全性和隱私，包括網路安全、資料加密和安全漏洞修復。
硬體客製：依客戶需求提供硬體配置等。","0         python工程師
52          W.網頁工程師
220    P1.python工程師
273    P0.python工程師
Name: job_name, dtype: object","0      新北市
52     新北市
220    新北市
273    新北市
Name: company_addr, dtype: object"
"中華資安國際股份有限公司
                    ","        中華資安國際為中華電信子公司，提供各類專業資安服務。主要的服務對象，包括與中華電信合作提供中華電信網路客戶資安防護、政府機關、公民營事業、大型企業、金融業及中小企業等客戶。
        本公司具備堅強資安團隊，以打造安全、可信任的資通訊環境，成為數位經濟與創新產業的資訊安全守護者，目標是成為國內資安第一領導品牌，帶動國內資安產業發展，邁向國際級資安公司。","7                             MIS系統工程師
91     軟體研發工程師 (Backend Engineer, PHP)
158                         紅隊研究暨研發工程師
177                          機器學習研發工程師
224                         SDN網路系統工程師
244                        資安檢測工程師（紅隊）
417                          軟體系統研發工程師
420                           資安檢測技術PM
Name: job_name, dtype: object","7      台北市
91     台北市
158    台北市
177    台北市
224    台北市
244    台北市
417    台北市
420    台北市
Name: company_addr, dtype: object"
"中華開發金融控股股份有限公司(凱基證券)(凱基銀行)(中華開發資本)
                    ",開發金控提供直接投資、企業金融、金融市場、證券、壽險等全方位的整合性金融服務，其中尤以直接投資業務穩居臺灣市場龍頭，擁有30%的市場佔有率，與臺灣其他以消費金融或保險業務為主的金控相比，具有相當之獨特性。,"29                   【凱基銀行/風險管理處】市場風險管理專員
40               【凱基銀行/貸款事業部】貸款產品企劃專員(PM)
122                   【凱基銀行/智慧轉型處】資深商業分析師
313    【凱基銀行/智慧轉型處】大數據資料分析師(Data Analyst)
324                【凱基銀行/風險管理處】個金信用風險管理專員
387                  【凱基銀行/風險管理處】信用風險管理專員
397                    【凱基證券/衍生性商品部】權證交易員
412                 【凱基證券/電子商務事業部】客群數據分析師
Name: job_name, dtype: object","29     台北市
40     台北市
122    台北市
313    台北市
324    台北市
387    台北市
397    台北市
412    台北市
Name: company_addr, dtype: object"
"中雍科技股份有限公司
                    ","我們專注於未來。致力於把智慧生活完美的實踐。
我們專注於現在。致力於讓智能生活所有的不可能變成可能。

一間好的新創公司，能提供員工最自由的舞台發展，
給予員工一個共同拼搏的夢想，如果你與我們有共同的目標，熱血，歡迎你加入我們。
我們誠摯的歡迎您！
","104    RD: 嵌入式韌體/雲端軟體/測試工程師
Name: job_name, dtype: object","104    新竹縣
Name: company_addr, dtype: object"
"亞新工程顧問股份有限公司
                    ","ASSET
先進的技術(A)                Advanced Technology
計畫的安全(S)     Project Safety
業主的滿意(S)     Client's Satisfaction          
經濟的方案(E)                Economical Solution
準時的達成(T)                Timely Completion","304    大地空間資訊工程師
Name: job_name, dtype: object","304    新北市
Name: company_addr, dtype: object"
"亞泰半導體設備股份有限公司
                    ","•	傾聽客戶的客製化 & 專業研發團隊
亞泰半導體設備擁有近百件跨國專利，以發明專利為主要，智權範圍囊括台灣、中國、美國、日本、韓國、新加坡等國家。以多元的專業技術，傾聽客戶聲音的客製化服務，成就每一次更加優化的系統服務。
•	懂你所累積的豐富實績 & 專案管理
亞泰半導體設備具備良好且可幸賴的專案管理經驗。透過完整的管理系統，使產品從設計、製造，皆有高度的品質保證；並由專業團隊負責機台生產、電控設計與客戶現場的安裝試車，確保產品的高可靠性和客戶的滿意度。
•	成就需求有效率的售後服務
亞泰半導體的產品，遵循最適化設計和製造。我們提供經驗豐富的技術團隊，四小時內支援現場服務，並時時改進並更新我們的系統，以滿足客戶的需求。
","18                 電控軟體主管
193           資深電控工程師(軟體)
311    電控工程師(擴大徵才 , 無經驗可)
385         資深電控工程師(擴大徵才)
386             電控工程師(軟體)
Name: job_name, dtype: object","18     新竹縣
193    新竹縣
311    新竹縣
385    新竹縣
386    新竹縣
Name: company_addr, dtype: object"
"仁寶電腦工業股份有限公司
                    ","1.	筆記型電腦、IPC、AIO PC
2.	車用電子產品
3.	Server
4.	物聯網IOT產品
5.	智慧型裝置（手機、平板）
6.	穿戴裝置（智慧手錶、AR/VR）
7.	視訊產品
8.	智慧醫療
9.	5G應用產品
","188    SR0157 智慧型裝置事業群-SAAS創新軟體主管(軟體理級人才)
Name: job_name, dtype: object","188    台北市
Name: company_addr, dtype: object"
"傑利斯財金科技有限公司
                    ",,"209     業務助理
214    軟體工程師
Name: job_name, dtype: object","209    新北市
214    新北市
Name: company_addr, dtype: object"
"優比快股份有限公司
                    ","Our mission is to rethink IT — not just by making powerful networking technology more accessible, but by delivering frictionless product experiences tailored to our users. This pursuit begins at our R&D Center in Taiwan, where we not only build innovative products, but a culture of trust, transparency, and collaboration. 
Explore more: https://careers.ui.com
","163                F0063 - MCU Firmware Engineer
251            F0031 - Software Engineer in Test
286                     F0103 - Data QA Engineer
307    F0105 - Computer Vision Software Engineer
424               F0102 - Senior AI NLP Engineer
Name: job_name, dtype: object","163    台北市
251    台北市
286    台北市
307    台北市
424    台北市
Name: company_addr, dtype: object"
"元佑實業股份有限公司
                    ","作為各種專業設備的總代理，
At the heart of our service 是我們對自我的期許；
專業、誠信與價值創造 是我們不變的信仰。
我們深信，透過專業諮詢、售後服務、教育訓練與產學合作，
能夠讓品牌及客戶創造更高的價值。","27    自動化軟體工程師
Name: job_name, dtype: object","27    台北市
Name: company_addr, dtype: object"
"全家便利商店股份有限公司
                    ","以「顧客滿意 共同成長」為本 在地深耕
1988年，全家便利商店在台灣設立第一家店舖，秉持「顧客滿意，共同成長」的理念經營事業，至今已超過 33 年。一路走來，有賴全體員工與加盟者的努力，更感謝顧客、供應商的支持，「全家」深耕社區、穩健前進。
面對變動越來越快速的環境，如高齡社會、少子化等趨勢，不僅產生未來缺工的挑戰，也改變了消費者對便利商店的需求。此外，新科技不斷推陳出新，covid-19帶來的疫後新常態，更重塑台灣社會的生活樣態及消費習慣。

全家以顧客為先 為顧客走創新的路
因應環境的變動、科技的進步，「全家」不墨守成規，隨時調整腳步往前進，為滿足顧客的需求勇於創新，不僅突破既有的流程習慣，更建立數據驅動的企業文化，用數據溝通、用數據說話、用數據下決策。同時，對應顧客懶快、追求便利的購物需求，「全家」更打破過去以實體店為主的思考模式，積極經營線上與線下各種的消費渠道，且不斷優化顧客體驗。

全家一心 打造「無所不在的跨產業便利生活服務平台」
展望未來，「全家」期許自己站在顧客的角度，跨越職位、部門、總部與店舖的界線，從合作到共創，以更敏捷的工作模式，共同思考、互相對話，攜手主動為顧客探索最佳體驗之道，朝同一個目標邁進：「以顧客為核心，打造全家成為無所不在的跨產業便利生活服務平台」，讓「全家」成為顧客生活中、這塊土地上的最佳夥伴！","82     網路安全工程師
301    資訊安全工程師
Name: job_name, dtype: object","82     台北市
301    台北市
Name: company_addr, dtype: object"
"全盈支付金融科技股份有限公司
                    ","我們矢志成為台灣首屈一指之電子支付業者，有信心將為大眾帶來更多更美好且更方便之支付體驗。歡迎有願景、具創新DNA、及熱愛接受挑戰的你，一同加入我們的行列！

加入全盈，你將具有遼闊的職涯遠景，且更能彩繪自己的人生！


","308    數據分析師
Name: job_name, dtype: object","308    台北市
Name: company_addr, dtype: object"
"公隆化學股份有限公司
                    ","【誠信、創新、速度】
誠信─誠意、用心、說的到作的到
創新─改變、學習、創造客戶需求
速度─超越、即時、永遠比對手快

節能減碳、綠色經營是世界的趨勢，也是企業應盡的社會責任，公隆化學在這方面的腳步也不落人後，積極朝向環保工藝、清潔生產、水處理、抗菌等新興應用產業發展。","72    【資訊中心】數位專案經理 (數據科技)
Name: job_name, dtype: object","72    台北市
Name: company_addr, dtype: object"
"凱擘股份有限公司
                    ","※ 企業使命
　　•服務用戶享有更經濟、有效方式迎接數位匯流時代、盡享先進技術之便利 
　　•持續創新，提昇品質，打造客戶滿意之數位寬頻生活 
　　•縮小數位落差，響應公益活動，減少城鄉建設之差異 
　　•維護投資人權益，注重員工成長之企業 

※ 企業理念 - 多元整合服務，提昇數位媒體新價值
　　•kbro的策略定位-有線電視、寬頻網路及媒體之整合應用業者
　　•kbro之經營，乃架構於雙向HFC寬頻網路基礎，整合頻道內容資源及寬帶上網等加值服務，期望成為
　　  國人數位寬頻服務之平台。

※ kbro的核心競爭力
　　•凱擘擁有750 MHz雙向寬頻HFC網路及全省12家系統台之通路、110萬收視戶的規模經濟效益、製作
　　  國內優質頻道節目的能力、代理發行資源、專業經營團隊…等等諸多優勢，構建未來邁向全球化經營
　　  之核心競爭力。 

※ 企業願景 - 成為各經營服務區域內消費者心目中最佳多媒體服務平台
   　•凱擘股份有限公司旗下目前包括有12有線電視系統台，擁有廣大的收視戶，為台灣名列前矛之有線電視多系統經營者(MSO)。未來將透過策略性與同業合作及組織擴充，深耕台灣有線電視及寬頻網路市場。
　　•為配合政府『挑戰2008--六年國發計劃』數位台灣政策，凱擘率先投入數位計劃，引領台灣媒體事業， 矢志實現台灣『600萬戶寬頻到家』夢想，合力打造國家基礎建設，建構台灣第一條民間資訊高速公路，以引領台灣有線電視產業邁向全球數位化經營。","32     [ 幸福企業招募] 網頁全端工程師 (Web full-stack engineer)
215                   [ 幸福企業招募] 軟體開發 & SA 工程師 (內湖)
Name: job_name, dtype: object","32     台北市
215    台北市
Name: company_addr, dtype: object"
"凱曜網路股份有限公司
                    ","長期耕耘品牌數位與社群整體服務，用第一線的社群口碑觀察與思維，串連最新技術與服務模式，打造浪頭上的數位行銷策略；在更迭不斷的數位浪潮中，與客戶一同挑戰與突破。

『沒有困難，只有挑戰』本公司竭誠的歡迎有理想、有實力及充滿熱情的朋友，加入我們的的團隊，和我們一起成長

不同於於印象中廣告行銷業日夜顛倒長工時印象，我們更重視責任與效率，希望你保持負責認的心態，自我要求是最重要的，和我們一起成長，即使在現實考量的背後，你應該要更有創意，千萬不要忘記學習是一輩子的

選用綠色系與電池的形象圖示，代表永續與能源的傳承，為每一個夥伴互相灌注能量，感染身邊的每一個朋友們！","317    數據分析管理師
Name: job_name, dtype: object","317    台北市
Name: company_addr, dtype: object"
"創世代有限公司
                    ","公司理念
Oiyster 團隊堅信世上沒有辦不到的事，要成功就得付出多過 100%，決定走的路就得破釜沉舟！

創辦故事
Oiyster 團隊堅信在不久的將來元宇宙必然是趨勢，也會是未來。我們從現在開始即將展開我們這一趟大膽創新的奇幻旅程。

我們邁向元宇宙的第一步就此展開。。。

NFT代號：覺醒者/The Awakened Ones

覺醒時刻即將來臨，如果你也想獲得覺醒，元宇宙的歧異點將從這裡開始….

這只是一個開端，一個通往真理，通往我們覺醒的奇幻旅程。
這趟覺醒之旅準備啟程，我們將走入一條筆直的道路，但不侷限於任何形式，只有一群正在甦醒並集結的意識形態，準備展開新的覺醒旅程。

走出自己，歡迎加入我們，成為覺醒者的一員。

This is only just the beginning, the initiation of a journey, a journey of the awakening, the key to the very truth, to the land of the awakened
We have no roadmap, only the path towards awakening..
Join us if you want to be a part of “The Awakened Ones”","183    NFT/智能合約後端工程師(Dapp) / NFT/Smart contract Backe...
Name: job_name, dtype: object","183    台北市
Name: company_addr, dtype: object"
"創客應用技術有限公司
                    ","IADIY 事業願景:
IADIY 的目標以光電整合技術為核心提供技術解決方案及產品開發資源到生產服務，協助客戶創新技術，成功開發產品，加速市場推廣及事業成長。
我們的宗旨及優勢:
專業多樣的光電技術及資源，從設計到生產的整合應用能力
累積20年以上的光電產品及系統應用開發經驗，從了解客戶需求貼近市場用到設計開發，以可實現的最佳技術方案及生產成本，整合光電技術不同的工程及資源到生產製造，屢屢實現新的驚奇及價值獲得眾多客戶的肯定。 ","223    軟體工程師
Name: job_name, dtype: object","223    台北市
Name: company_addr, dtype: object"
"功典資訊股份有限公司
                    ","▍三個特質：賦予數據意義
我們相信軟體服務的「智慧分析」賦予數據真實，其中三個特質編織在產品與服務裡：整合、解析洞察與數據變現；從數據蒐集、洞察擬定策略到執行，我們期待為品牌、顧客創造無與倫比的體驗。

▍專注傾聽、敏捷分析
沒有完全相同的情境，我們優先聆聽需求與問題，以深厚專業保持開放與彈性，為你提出最適合的規劃與執行方案，讓數位轉型、行銷策略與應用、會員忠誠計畫、經營指標制定、會員經營變現不再停在紙上。

▍腳踏實地，但也是夢想家
無數次與國際大型企業合作，我們務實解決問題、關注成效與使用體驗，同時在策略擬定大膽發夢。如果你來到這裡，可以看見坦率透明的團隊協作，對問題勇往直前的挑戰精神，感受擁有新創靈魂的深厚底蘊企業氛圍！","326    C# 軟體工程師(資深)
Name: job_name, dtype: object","326    新北市
Name: company_addr, dtype: object"
"台灣世曦工程顧問股份有限公司
                    ",透過技術、經驗、操守及傳承使命的結合，台灣世曦工程顧問股份有限公司時時以改善人類生活環境為志業，努力建立「人與環境對應」的有機團隊，在面對工程計畫執行任務時，無論就新技術的引入或研發，專案經驗的累積與傳承，從業人員的操守與紀律皆以此中心理念為前程。,"228    空間資訊工程師(專案管理)-B100006347
282         GIS程式設計師-B100006347
314            交通工程師-B100002901
Name: job_name, dtype: object","228    台北市
282    台北市
314    台北市
Name: company_addr, dtype: object"
"台灣樂天市場股份有限公司
                    ","1.時時改善，日日精進
2.貫徹專業精神
3.假設→執行→驗證→制度化
4.追求最高的顧客滿意度
5.Speed!!Speed!!Speed!!
","348    【日商樂天】Penetration Tester (DU)
373        【日商樂天】雲端平台/DevOps工程師 (DU)
Name: job_name, dtype: object","348    台北市
373    台北市
Name: company_addr, dtype: object"
"台灣特納飛科技有限公司
                    ","1. Innovation: 創新是新創公司最大的優勢。
2. Quality: 注重品質，力求滿足客戶的需求。
3. Service: 以客為尊，全力超越客戶的期待。","8      Digital IC Verification (高級/資深工程師/經理)
14                  SSD 韌體自動化系統驗證 (資深工程師/經理)
267              SSD/UFS 驗證工程師 (高級/資深工程師/經理)
425                 SSD 韌體自動化系統驗證 (資深工程師/經理)
Name: job_name, dtype: object","8      新竹縣
14     新竹縣
267    新竹縣
425    新竹縣
Name: company_addr, dtype: object"
"台灣瑞薩電子股份有限公司
                    ","企業理念:
瑞薩電子以創造人們所嚮往的未來為目標，貫注專業技術研發嶄新科技，為人類與地球的繁榮盡一份心力。

企業願景:
我們將以創造力與技術革新即時回應全球客戶的需求，以成為值得信賴且持續成長的頂尖半導體製造商。
","200     Test Development Engineer (Dialog Semiconductor)
288                 Test Engineer (Dialog Semiconductor)
392    Principal Digital Verification Engineer (Dialo...
Name: job_name, dtype: object","200    新竹縣
288    新竹縣
392    新竹縣
Name: company_addr, dtype: object"
"台灣經濟新報文化事業股份有限公司
                    ","

▋ TEJ - 解決方案  ▋   https://www.tej.com.tw/solution

§   ◤ESG永續◢  §  ◤ 信用風險 ◢  §  ◤ 法遵科技 ◢  §

§  ◤企業商情◢  §   ◤ 投資分析 ◢  §  ◤ 評價分析 ◢  §


▋ TEJ - 資料銀行  ▋   https://www.tej.com.tw/dataBank

◤ 企業營運資訊 ◢
　∴ 公司基本資料及重大訊息
　∴ 董監事大股東、股本變動及股利政策
　∴ 企業投資資訊、月營收及產銷組合
◤ 企業財務資訊 ◢
　∴  IFRS財務報表 - TEJ獨家！
◤ 證券金融市場資訊 ◢
　∴ 股票市場
　∴ 基金市場
　∴ 債券市場
　∴ 衍生性金融商品債券市場
◤ 總經及商品原物料 ◢
　∴ 總經及商品原物料


---------------------------------------------------------------

▋ TEJ - 金融資料分析、金融新知、財金研究院、知識集    ▋

▲   Medium  ▲ Facebook  ▲Instagram ▲ Linkedin  ▲ Youtube ▲ 

- TEJ Linktree -  https://linktr.ee/tej87681088

","3      財務資料庫_管理師
349    量化分析_副研究員
Name: job_name, dtype: object","3      台北市
349    台北市
Name: company_addr, dtype: object"
"台聚集團_台聚管理顧問股份有限公司
                    ","台灣聚合化學品股份有限公司(股票代碼：1304)
主要產品：乙烯醋酸乙烯酯共聚合樹脂(EVA)、低密度聚乙烯樹脂(LDPE)、高密度聚乙烯樹脂(HDPE)、線型低密度聚乙烯樹脂(LLDPE)、環狀嵌段共聚物(CBC)

亞洲聚合股份有限公司(股票代碼：1308)
主要產品：乙烯醋酸乙烯酯共聚合樹脂(EVA)、低密度聚乙烯樹脂(LDPE)

台達化學工業股份有限公司(股票代碼：1309)
主要產品：丙烯腈-丁二烯-苯乙烯共聚樹脂(ABS)、丙烯腈-苯乙烯共聚樹脂(AS)、通用級聚苯乙烯(GPS)、耐衝擊型聚苯乙烯(IPS)、發泡級聚苯乙烯(EPS)、玻璃棉、曲面印刷

華夏海灣塑膠股份有限公司(股票代碼：1305)
主要產品：聚氯乙烯(PVC)粉、聚氯乙烯(PVC)膠粒，以及二次加工的膠布、膠皮、管材、異押製品等

台灣氯乙烯工業股份有限公司
主要產品：氯乙烯單體(VCM)

華聚
主要產品：聚氯乙烯(PVC)粉

華運倉儲實業股份有限公司
主要業務：石化原料倉儲業務

越峯電子材料股份有限公司(股票代碼：8121)
主要產品：錳鋅軟性鐵氧磁鐵粉、鎳鋅軟性鐵氧磁鐵粉、錳鋅軟性鐵氧磁鐵芯、鎳鋅軟性鐵氧磁鐵芯

順昶塑膠股份有限公司
主要產品：衛生材料(壓花膜、單片包膜、綿柔膜、透氣膜)、包裝材料(多彩輕包裝膜、重包裝膜、牧草膜、伸縮膜)、原膜材料(積層膜、離型膜、黑白膜)、厚生製品(鎖鮮袋、輕舒爽雨衣、工學地墊)
","401    軟體工程師
Name: job_name, dtype: object","401    台北市
Name: company_addr, dtype: object"
"台達電子工業股份有限公司 _DELTA ELECTRONICS INC.
                    ","【企業文化】
◎創新：有效創新 成功實現
◎品質：精益求精 追求卓越
◎敏捷：洞察趨勢 速掌新機
◎團隊合作：全球整合 達成共贏
◎顧客滿意：預知需求 超越期待","9      Computer Vision Engineer of Smart Machine Deve...
11        【Start up! 2023實習-在台達開創你的達時代！】NLP實習生_台達研究院(新竹)
15     Program/Project manager _ Delta Research Cente...
19          Sr. Architect/Product Manager_智慧能源新事業發展部(台北)
54                         Data Scientist _ 台達研究院(台北/南科)
55                             AI影像分析及應用工程師_樓宇自動化事業群(台北)
59     Senior system integration engineer _ Delta Res...
62                                   應用程式開發資深工程師_資訊處(台北)
74                            數據架構師/機器學習工程師_台達研究院(台北/南科)
77                 人工智慧資料科學家/AI Data Scientist_台達研究院(台北)
87                                        韌體資深工程師_5G(台北)
96                 【2023研發替代役】數據架構師/機器學習工程師_台達研究院(台北/南科)
118                                   後端工程師 _ 台達研究院 (台北)
145                                 影像應用及分析工程師_台達研究院(台北)
149                              軟體工程師(PCIe應用)_台達研究院(新竹)
153                                資深軟體工程師-外派(風扇暨熱傳導事業群)
173                                資安工程師(技術研發)_台達研究院(台北)
197                            Protocol軟體資深/主任工程師_5G(台北)
229    AI Data Scientist _ DSM AOT (AIP) (Taipei / Ta...
253    Software Engineer of Smart Machine Development...
257    Automobile Network Product SW Support Engineer...
274    AI Optimization/Operations Research (OR) Scien...
295                        【2023研發替代役】後端工程師 _ 台達研究院 (台北)
302                             軟體工程師(電池與儲能應用)_台達研究院(新竹)
340        【Start up! 2023實習-在台達開創你的達時代！】軟體工程實習生_資訊處(台北)
347                                  軟體資深工程師_網路基礎事業部(台北)
353                                      軟體工程師_台達研究院(台北)
357    Wireless Sensing and Communication Scientist_台...
368                            應用程式開發資深工程師(JAVA)_資訊處(台北)
369                          (資深) 人工智慧資料科學家_台達研究院(台北/南科)
377                 【2023研發替代役】AI電腦視覺與機器學習工程師_ 台達研究院(台北)
378                                    軟體主任工程師_台達研究院(台北)
382                            AI電腦視覺與機器學習工程師_ 台達研究院(台北)
399                                    軟體設計資深工程師_資訊處(台北)
400                                 深度學習演算法工程師_台達研究院(新竹)
410    Software Engineer of Smart Machine Development...
Name: job_name, dtype: object","9      台北市
11     新竹市
15     台北市
19     台北市
54     台北市
55     台北市
59     台北市
62     台北市
74     台北市
77     台北市
87     台北市
96     台北市
118    台北市
145    台北市
149    新竹市
153    台北市
173    台北市
197    台北市
229    台北市
253    台北市
257    台北市
274    台北市
295    台北市
302    新竹市
340    台北市
347    台北市
353    台北市
357    新竹市
368    台北市
369    台北市
377    台北市
378    台北市
382    台北市
399    台北市
400    新竹市
410    台北市
Name: company_addr, dtype: object"
"國立清華大學_服務創新與分析研究中心
                    ",在疫情衝擊的時代，於公家職缺相對穩定(短期勿試)，本單位雖是委辦專案計畫，但屬於穩定長期計畫(自103開始不斷擴充業務)，可於個人職涯參與大型網站專案開發的歷程，從事軟體開發服務應用，有別於商業模式，期許給使用者更好的體驗，發揮軟實力，創造新的服務，是一份有意義的工作，並可在團隊合作中展現自我價值。,"164    Linux主機及資安管理工程師
Name: job_name, dtype: object","164    新竹市
Name: company_addr, dtype: object"
"國立臺灣師範大學_心理與教育測驗研究發展中心
                    ","1.發展各類心理與教育測驗。
2.從事心理與教育測驗之專題研究。
3.接受委託編制各種心理測驗。
4.從事國際性心理測驗發展之學術研究。
5.推廣心理測驗之應用與諮詢服務。
6.開發心理測驗電腦應用軟體系統。
7.其他有關心理與教育測驗發展事項。
8.國中教育會考試題研發及發展理念之執行。
9.國中教育會考各項試務之規劃、執行、改進與辦理。
10.孕育心理與教育測驗專業人才及促進國際交流與合作。","383    心測中心-(會考)資訊組研究員
Name: job_name, dtype: object","383    新北市
Name: company_addr, dtype: object"
"天才視野資訊股份有限公司
                    ","我們秉持一貫的熱忱、勤奮、決心與凡事徹底的精神，全力以赴的努力，
誠摯邀請志同道合、願為此產業努力的您加入一起奮鬥。
","137    Senior Software Engineer
330           Software Engineer
Name: job_name, dtype: object","137    台北市
330    台北市
Name: company_addr, dtype: object"
"天脈科技股份有限公司
                    ","全方位智慧物流/供應鏈/金流平台
- 公有雲平台
- 私有雲平台","263                   DevOps / Cloud Engineer
406    Software Development Engineer​ in Test
Name: job_name, dtype: object","263    台北市
406    台北市
Name: company_addr, dtype: object"
"好好證券股份有限公司
                    ","投資理財是人生的必修學分，有感於傳統投資理財管道存在嚴重資訊不對稱，身處創新科技的時代，好好基金平台將以用戶的需求做為核心，運用科技為需要的人帶來便捷、快速的一站式服務體驗，秀才不出門，彈指就能理「好」世界財。

------------ [積極主動自薦方式] ------------
如目前職務無適合您的項目，而您自認有適合申請本公司之專長，歡迎毛遂自薦發送電子郵件至人資信箱：hr@fundswap.com.tw

並附上您的簡歷和告訴我們以下內容：
1.介紹一下您自己，包括您為何對這職務興趣？(我們喜歡積極主動自薦之人)
2.您遇過最困難的挑戰與您如何面對與克服？(我們超愛有故事的人生！)
3.您有那些優勢？為何本職務非您莫屬？(這可能是您具備的技術或專長等)
4.除領薪水，您工作＂具體＂目標？(可能是志向、抱負等但別寫為了世界和平)
5.說說您目前月(年)薪？(請寫真的！有本事拿到offer，保證核薪高於您的前工作)
6.最後，談談您申請本職務期望薪資(別寫〝依公司規定〞，以加速核薪時間！)","396    好好證券-後端工程師 Backend Engineer (熟 Python、RESTful ...
Name: job_name, dtype: object","396    新北市
Name: company_addr, dtype: object"
"安矽思科技股份有限公司
                    ","我們的使命

Powering innovation that drives human advancement
推動人類進步的創新驅動

When visionary companies need to know how their world-changing ideas will perform, they close the gap between design and reality using Ansys simulation. For more than 50 years, Ansys software has enabled innovators across industries to push the boundaries of product design by using the predictive power of simulation. From sustainable transportation and advanced satellite systems to life-saving medical devices, Ansys powers innovation that drives human advancement.
當有遠見的企業需要了解其顛覆性想法的實際表現時，他們透過使用 Ansys 模擬技術縮小設計與現實之間的差距。Ansys 軟體50 多年來憑藉模擬的預測能力，幫助各行各業的創新者突破產品設計的極限。從永續交通和先進的衛星系統到救生醫療設備，Ansys 推動人類進步的創新力量，讓您的想法成為現實，改變未來世界的面貌。借助 Ansys 的力量，您的想法將化為現實，帶領世界邁向更美好的未來。

我們的價值

Adaptability 自適應力
Our business is constantly evolving. We stay agile by keeping our minds open, embracing change, and always learning
我們的組織在不斷發展。我們需要透過開放的心態、迎接變化和不斷學習來保持敏捷性。

Generosity 慷慨給予
We give our time, resources, and knowledge for the betterment of all. We serve each other, our customers, partners, and communities with humility.
我們付出時間、資源和知識來協助所有人。我們以謙遜的態度為彼此、我們的客戶、合作夥伴和社區竭力服務。

Courage 不屈不饒
Our growth is unconstrained. We pursue new ideas, find unconventional solutions, and make decisions with courage, compassion, and resilience.
我們的成長空間不受限制。我們追求新的想法，尋找非常規的解決方案，並以勇氣、同情心和韌性做出最好的決定

Authenticity 真誠對待
Our diverse perspectives solve problems. We grow as a team by empowering each other and respecting our individual strengths and differences.
團隊中的不同觀點可以協助解決問題。我們透過相互啟發，並尊重我們的個人優勢和差異來促進團隊的成長。

","67     R&D Engineer II
376       R&D Engineer
Name: job_name, dtype: object","67     新竹縣
376    新竹縣
Name: company_addr, dtype: object"
"宸訊科技股份有限公司
                    ","•我們相信，如果沒有誠信，即使有再好的技術，仍然無法成為客戶真正可信賴的長期夥伴。
•我們堅持，提供最專業的服務，才能創造最大的客戶滿意度與企業的永續經營。
•我們努力，追求不斷創新的活力，掌握時代脈動一起與客戶共同邁向高成長。","169    Internet程式設計師-台北
Name: job_name, dtype: object","169    台北市
Name: company_addr, dtype: object"
"寶碩財務科技股份有限公司
                    ","堅持創新 領航資訊
寶碩秉持著專業、創新以及卓越的精神，提供客戶多元、正確且迅速的即時資訊。創新的產品研發技術、完善的售後服務網絡以及優良的團隊經營績效，促使寶碩不斷成長，擁有優於業界的競爭優勢。","75       數位金融夥伴【前端工程師】REACT VUE
359    跨界金融專家【全端工程師】ASP.NET MVC
Name: job_name, dtype: object","75     台北市
359    台北市
Name: company_addr, dtype: object"
"山富國際旅行社股份有限公司
                    ","良心、責任

「品質保障‧成本掌控」為服務要求，追求旅客最大滿意
「追求前瞻‧永遠專業」為服務出發，引領旅遊最新潮流
「人才培養‧反饋社會」為服務精神，時刻實踐社會回饋","92     Junior Software Engineer 初級軟體工程師(台北總公司)
119    資深軟體工程師 Senior Software Engineer(台北總公司)
Name: job_name, dtype: object","92     台北市
119    台北市
Name: company_addr, dtype: object"
"山淬股份有限公司
                    ",致力於降低交易成本，提供沒有時間限制，空間限制，地點限制的商務營運服務。,"70     電子商務 資訊管理師 A01
289    電子商務 資訊實習生 A01
Name: job_name, dtype: object","70     台北市
289    台北市
Name: company_addr, dtype: object"
"工研院 _財團法人工業技術研究院
                    ",工研院持續堅持：從事市場導向之研發、做為一個有效的橋樑、與協助產業轉型升級,"270    工研院資訊處_網路管理工程師(G2)
Name: job_name, dtype: object","270    新竹縣
Name: company_addr, dtype: object"
"弘翔精密科技股份有限公司
                    ","天下無難事，只怕""無心""人，以正面的態度、誠實的溝通、積極的作為對待人、事、物是弘翔精密的核心價質。大家同心向前，才能成就更好的未來。","94    3D視覺應用工程師(北部)
Name: job_name, dtype: object","94    新北市
Name: company_addr, dtype: object"
"恒利威科技有限公司
                    ","◆專業品質- 專注於5G資訊科技本業
◆國際視野- 深耕⼤中華市場
◆創新領先- 頂尖的研發團隊不斷創新推出產品/服務
◆雙贏策略- 客⼾即是夥伴
◆永續經營- ⾧期經營決策積極主動追求卓越","13    【福利佳 具發展性】Golang開發工程師
41            【福利佳】Web安全工程師
Name: job_name, dtype: object","13    台北市
41    台北市
Name: company_addr, dtype: object"
"恒發數位科技有限公司
                    ","公司對產品規劃
1.安守本分與誠信 
2.用戶導向、從使用者角度、洞察用戶需求、並改善與更新。 
3.秉持把系統最優化、把工作做到極致、卓越品質。 
4.達成業務目標，投入更多資源與技術，並培訓更多人才，使團隊更穩健，打造更優良的遊戲品質及服務。

我們篤信並實踐公司的核心價值，致力於追求卓越。我們凝聚志同道合的才識之士，為共同的目標努力。竭誠歡迎具創新、熱忱的您，加入我們！ ","30    軟體測試工程師【居家工作】
Name: job_name, dtype: object","30    新北市
Name: company_addr, dtype: object"
"恩平方財經股份有限公司
                    ","MacroMicro  名稱的由來，
是擷取了Macroeconomics & Microeconomics兩個單字。 

我們秉持著「重視基本面」以及「人人都應該為自己的投資負責」的兩項初衷 。  
將關鍵的數據轉化為友善的圖表，協助大家創立屬於自己的投資地圖。

財經M平方是在2015年由兩位創辦人Rachel和Ken共同創立的。 
他們分別擁有超過10年金融研究與網路科技開發經驗。 

陸陸續續加入的核心夥伴們，更讓M平方在金融市場上獨樹一格。 
金融研究員熱愛寫code、工程師熱愛市場研究。 
我們相信金融結合科技更能挖掘基本面的力量， 
找出循環與數字投資背後的投資insights。 ","165    財經Ｍ平方-數據量化研究員 （正職）
234      財經Ｍ平方-前端工程師 （正職）
343       財經Ｍ平方-總經研究員（正職）
364       財經Ｍ平方-產業研究員(正職)
Name: job_name, dtype: object","165    台北市
234    台北市
343    台北市
364    台北市
Name: company_addr, dtype: object"
"愛德萬測試股份有限公司
                    ","◎ 提供客戶整體解決方案,與客戶一起成長
◎ 提供員工穩定成長的工作環境
◎ 善盡企業的社會義務","53                 MS Azure BI Data Engineer
114    Senior/Expert Application Engineer(W)
Name: job_name, dtype: object","53     新竹縣
114    新竹縣
Name: company_addr, dtype: object"
"慶燁科技股份有限公司
                    ",科技溝通的專家，樂於溝通、互動分享，關心客戶、共創未來。,"309    資訊工程師
Name: job_name, dtype: object","309    台北市
Name: company_addr, dtype: object"
"拓比有限公司
                    ","Amaze our customers
Beat yesterday
Make it real
Succeed together
Share passion","120    【瑞典外商】Senior Software QA Engineer
294           【瑞典外商】Software QA Engineer
Name: job_name, dtype: object","120    台北市
294    台北市
Name: company_addr, dtype: object"
"攻城獅文創股份有限公司
                    ",賽事經營服務、整合行銷規劃、企業活動辦理、運動場館經營,"6    網管工程師
Name: job_name, dtype: object","6    新竹縣
Name: company_addr, dtype: object"
"敦謙國際智能科技股份有限公司
                    ","DUNQIAN商 業 模 式 – 大 數 據 的 分 析 與 運 用

【我們擁有豐富旅宿經營實務經驗】
DUNQIAN擁有全球第一家智能無人化旅店的經營團隊，累積多年的實戰經驗與數據，讓我們成為智能無人化旅宿界的龍頭，得以協助傳統旅店迅速轉型成為智能旅店

【耗費巨資自主開發智能設備及系統】
DUNQIAN專業研發團隊針對旅店提供的智能設備及系統，進行產品開發及優化，提供旅客最新的服務體驗

【率先實施系統化管理以節省人力成本】
DUNQIAN提供PMS大師旅宿管理系統及聯合訂房中心等資源，統一房源控管並共享訂房資源，加盟主可重新調整人力分配，省去不必要的人事開銷

【共享數據及時擬具經營服務策略】
透過DUNQIAN導入相關軟硬體後蒐集營運數據，從訂房狀態以及相關數據，能適時了解顧客對旅店的需求，從數據分析中做經營策略及調整，達到加盟主之經營目標

【旅店智能化是我們的市場差異化優勢】
由傳統旅店轉型為智能旅店，相較於大眾對於過去旅宿業的刻板印象，旅店智能化目前已成為現在趨勢及特色
","292    《台北》收益成長部-市場分析師
Name: job_name, dtype: object","292    台北市
Name: company_addr, dtype: object"
"數據雲科技股份有限公司
                    ","歡迎加入我們這個年輕、充滿活力的科技團隊！我們是一家新創公司，致力於創造革命性的科技產品，並改變電商的經營方式。如果你有夢想，想要挑戰極限，並且擁有豐富的創意和創造力，那麼我們絕對是你不可錯過的機會！

我們不僅提供給你一個舒適的工作環境，更為你提供一個快速成長、自我實現的平台。在這裡，你可以與最頂尖的人才共事，接觸最先進的技術和理念，並參與創建未來的產品。你將擁有充分的自主權，並有機會發揮自己的專長和天賦，實現個人夢想與事業目標。

我們正在尋找與我們有相同熱情和信念的人，一起攜手前進，一同創造屬於我們自己的未來。如果你有熱情、創意和毅力，歡迎加入我們，成為這個充滿激情的團隊的一員！","57             全端工程師 Full-stack GPT Engineer (可遠距)
79    資深全端工程師 Senior Full-stack GPT Engineer (可遠距)
Name: job_name, dtype: object","57    新北市
79    新北市
Name: company_addr, dtype: object"
"新加坡商威兆科技有限公司台灣分公司
                    ","本公司提供全面的IT Infrastructure services and solutions:
1. 全球性的串流技術與直播影音平台供應
2. 跨國網路服務供應與優化
3. 一站式託管服務，包含系統高可用性、負載平衡與效能優化
4. 資訊安全與攻擊防禦的解決方案","157             IT Developer ( IT 程式設計師)
238    Senior IT Developer (資深 IT 程式設計師)
Name: job_name, dtype: object","157    台北市
238    台北市
Name: company_addr, dtype: object"
"新加坡商立可人事顧問有限公司台灣分公司
                    ","我們的使命：To help people find good jobs and our clients to succeed in business.
我們的願景：To be the leading and most admired recruitment and staffing consultancy firm in Taiwan and Asia-Pacific.","128    NL-美商科技公司 Server BMC Firmware Engineer (3-5年經驗...
132                      IW - 知名美商科技公司 急徵 後端工程師 (Python)
341                           CL-軟體開發工程師 (熟悉陀螺儀和磁力計研究領域)
346                    LS-知名電信業整合服務公司 網路工程師 (2-3年經驗看過來!)
Name: job_name, dtype: object","128    台北市
132    台北市
341    台北市
346    新北市
Name: company_addr, dtype: object"
"新東陽股份有限公司
                    ","誠信、創新、靈活、永續

「Integrity‧誠信」
新東陽一九六七年創業以來，一直以誠信為本，對消費者、股東、員工、合作夥伴與社會大眾是永遠的承諾。

「Creativity‧創新」
以創新思惟的角度為客戶提供有價值的產品及服務，並運用科技及數據加速創新，保持業界領頭羊的地位。

「Agility‧靈活」
面臨全球環境大幅改變，造成企業營運模式、消費習性，工作模式等大幅改變，因此企業必須超前部署，保持靈活積極的競爭力。

「Sustainability‧永續」
新東陽建置綠色工廠、推動循環經濟，提供對環境更友善的選擇，並致力投入社會公益，以實際行動響應環境、人類及社會的永續發展。","393    【總公司_經營戰略室】資深數位經營管理師
Name: job_name, dtype: object","393    台北市
Name: company_addr, dtype: object"
"日勝生活科技股份有限公司
                    ","◆多元化開發，雕塑人性化建築：
以政府推動的重大交通建設為張本，經由捷運系統與轉運中心的延伸，涵蓋至都會區邊緣地帶及郊區，結合生活與休閒，住屋與商場整體規劃，創造生活機能完整的理想社區。  

◆創新技術，以生態建築為目標：
提供客戶高品質居住與永續服務，發展符合生態建築，綠建築要求之產品。 

◆新ｅ時代多重客服新價值：
以超值便捷服務、多元領先服務、整合諮詢服務（EPS、OPS、IPS）新ｅ時代服務觀，強調運用科技為客戶服務，強調購屋前專業諮詢規劃、購屋中品質控管與需求整合及購屋後永續服務。 

◆創新真誠、日勝日勝：
日勝的經營理念，平實中有著深遠意涵，生活要精進，必需不斷的創新，我們以最平實的理念，執著落實、努力實踐每一個細節，自許為環境的雕塑家，以「關懷土地、環境共生」為企業使命，惟有對環境的真誠，才能生活在美麗境界中。 日勝日勝，就是不斷永續的關照我們的大地。","25       【集團總部】數位發展技術經理
155    【集團總部】數位創新系統開發專員
Name: job_name, dtype: object","25     台北市
155    台北市
Name: company_addr, dtype: object"
"昇恒昌股份有限公司
                    ","【國際及離島免稅事業】
精品、高級腕錶、珠寶、時尚飾品、彩妝香水、菸酒、進口食品、巧克力、台灣文創商品、3C、運動休閒、台灣民藝品、特產品、文創商品、伴手禮…等
(詳細品牌請參照昇恆昌官網)。

【營業據點】
市區：內湖旗艦店、金湖廣場、澎湖三號港廣場
機場港口：桃園國際機場、高雄國際機場、臺北松山機場、臺中國際機場、基隆港、金門機場、金門水頭港、澎湖機場、澎湖馬公港、綠島新天地、小琉球新天地、小琉球大福港 

【電商平台】
昇恆昌Everrich宅配網 / 昇恆昌Everrich免稅購物網 / 昇恆昌毛小孩部落 /  昇恆昌玩具世代 

【餐飲事業】
Home Garden / Bistro :D畢卓樂地餐廳 / Homee Kitchen好饗廚房 / Espressamente illy Cafe意曼多咖啡

【新媒體】
EMZ Youtube頻道","38    數據分析師(內湖總公司)
Name: job_name, dtype: object","38    台北市
Name: company_addr, dtype: object"
"昇詮科技股份有限公司
                    ",【台灣品牌】、【創新突破】、【嚴謹專業】、【利潤分享】、【人才培育】、【誠信透明】,"205    【急徵】CATV_VoIP_韌體 / 軟體工程師
Name: job_name, dtype: object","205    新竹市
Name: company_addr, dtype: object"
"明曜科技股份有限公司
                    ",秉持誠實與務實的經營理念，期望成為提供替代能源及保護地球環境的優良企業。,"219          【研發一處】軟體工程師
421    【研發二處】Python軟體工程師
Name: job_name, dtype: object","219    新北市
421    新北市
Name: company_addr, dtype: object"
"易勝資訊股份有限公司
                    ","易勝資訊尊重且關注每一位資訊人才的專業價值與職能發展，同時，我們也重視每一位員工在工作和生活之間的平衡，並提供學習及成長空間，使每一位人才有合適的舞台實現自己的工作價值，且擁有優質生活品質為目標。
易勝資訊深信唯有透過滿意的員工，方能滿足客戶的需求，進而達成客戶的目標與利益，誠摯地歡迎您一起加入。
","49     全端工程師(物聯網專案)
246           數據工程師
Name: job_name, dtype: object","49     台北市
246    台北市
Name: company_addr, dtype: object"
"昕力資訊股份有限公司
                    ","● 信賴 TRUST 
● 完美 PERFECTION
● 創新 INNOVATION

客戶對我們的信任是來自於我們不斷追求完美和持續創新
The trust from our customers is built by our perfection and innovation.","121            (資深)軟體測試工程師 (Sr.) Software QA Engineer_台北
154    (資深)Python/Julia工程師 (Sr.)Python/Julia Engineer_台北
328                   【AI團隊】演算法工程師 Algorithm Engineer_台北
Name: job_name, dtype: object","121    台北市
154    台北市
328    台北市
Name: company_addr, dtype: object"
"春水堂科技娛樂股份有限公司
                    ","春水堂致力于推動數位閱讀服務，進以發展知識影音服務。希望透過科技的創新，讓人以愉悅的心情去享受閱讀及線上學習樂趣。藉由影音數位閱讀及學習平台技術，結合豐富的數位內容，成就一個多元的學習型影音服務平台。
歡迎喜歡閱讀、有創意、有熱情、有本領，想要在電子書、數位學習平台服務開發、大數據精準行銷領域一展長才的您加入我們。","264    資料分析/內容推薦工程師
Name: job_name, dtype: object","264    台北市
Name: company_addr, dtype: object"
"晶鑠科技有限公司
                    ","◎經營哲學：晶采創新 鑠耀未來  Wonderful Innovation Shining Future
◎經營原則：
   • 宗旨：以人為本、以客為尊、以服務為目的
   • 使命：培養經營人才、創造公司利潤
   • 理念：承擔、承諾、 熱情、堅持
   • 目標：持續創新、技術領先
   • 態度：做事當責、做人感恩","201    Computing optical Engineer
Name: job_name, dtype: object","201    新北市
Name: company_addr, dtype: object"
"木荷科技股份有限公司
                    ","【Our Products】
- IT infrastructure solutions
- Cloud service solutions

【Our Partners】
- AWS (Amazon Web Services) 亞馬遜雲端經銷商
- Megaport台灣經銷商
- Okta 台灣經銷商
- Swiftserve 台灣經銷商
- IPPlus360台灣經銷商
- Thinkst Canary台灣經銷商

【AWS Cloud Competency】
- AWS Migration Competency
- AWS Hybrid Cloud 混合雲
- AWS Datacenter 地/雲資料中心遷移
- AWS Disaster Recovery 地/雲災難備援
- AWS Security Practice 資訊安全
- AWS Startup Program (新創) 套裝服務","199    AWS Cloud DevOps Engineer
Name: job_name, dtype: object","199    台北市
Name: company_addr, dtype: object"
"杰倫智能科技股份有限公司
                    ","Profet AI實現一天上手，一週落地，加速數位化轉型的腳步 - 
速度與效率對於製造業是最關鍵的競爭能力，ProfetAI提供簡易且直覺的產品平台，提升企業導入AI的速度超過10倍

Simple & Fast -  One day to start , One week to achieve

Speed and efficiency are critical competitive advantage for manufacature. ProfetAI provides an simple and easy to use solution to make the adoption of AI 10 times faster.","1                                     AI/機器學習研發工程師
66                                    Python 後端工程師
80                                        演算法開發工程師
227                                        軟體研發工程師
239             全端 / Full Stack / System Architect
374    初級全端工程師｜Full-Stack Junior Engineer (Golang)
Name: job_name, dtype: object","1      台北市
66     台北市
80     台北市
227    台北市
239    台北市
374    台北市
Name: company_addr, dtype: object"
"榮群電訊股份有限公司
                    ",,"181    軟體工程師
Name: job_name, dtype: object","181    新竹市
Name: company_addr, dtype: object"
"歐姆佳科技股份有限公司
                    ","法定項目：
勞保、健保、週休二日

福利制度：
獎金類： 年終獎金
其他類： 員工在職教育訓練","135    [研發替代役]通訊系統研發工程師
Name: job_name, dtype: object","135    新北市
Name: company_addr, dtype: object"
"永慶房產集團_永慶房屋仲介股份有限公司
                    ","■永續實踐‧追求圓滿

    永慶房屋成立於1988年，成立之初，即以「顧客感動」、「仲介楷模」、「共享成長」、「開創發展」及「安全經營」為企業經營理念，以期落實企業對消費者及員工追求圓滿的責任。
    我們將經營理念融入商標設計之中；以黃、灰、紅作為主要企業識別色彩，黃色象徵永慶人植根於土地的親和形象；灰色象徵永慶人專業的及踏實穩健的作風；紅色則象徵永慶人熱忱、積極、主動的服務精神。
    向上提升的箭頭與房屋符號，傳達永慶以家為核心，不斷追求卓越、創新成長的精神；而三個陰陽同心圓，則代表提供客戶「交易圓滿、服務圓滿、生活圓滿」的堅持，更展現出企業生生不息、永續經營的服務理念。","236    數據分析師 D31
Name: job_name, dtype: object","236    台北市
Name: company_addr, dtype: object"
"永豐商業銀行股份有限公司
                    ",透過綿密的營業網路、高度創新的商品組合，為客戶提供最佳的金融服務，藉由新貨幣、新市場與新通路等三大主軸，實現金融新絲路的理想。,"31    授信管理二部/資深零售數據建模人員
Name: job_name, dtype: object","31    台北市
Name: company_addr, dtype: object"
"沛思坦網路股份有限公司
                    ","我們以「TECHNOLOGY ‧ TALENT ‧ PROCESS」為核心，秉持創新與服務理念，運用AI、大數據分析等先進技術，專注於提供全球市場的企業高品質的智慧解決方案，協助企業轉型、流程再造、法律科技自動化，創造並提升商業價值。

TECHNOLOGY：以高端軟體技術，協助各企業打造智能服務、提供最適合的軟體解決方案。
TALENT：Pacston重視並擁有國際優秀人才，可根據客戶需求提供跨國人才服務。
PROCESS：協助企業流程優化，提供知識流程外包服務。","202    【新竹】資深Python後端工程師 Python Back-end Engineer (Se...
Name: job_name, dtype: object","202    新竹市
Name: company_addr, dtype: object"
"滙訊科技有限公司
                    ","*基本福利*
勞工保險、全民健保、團體保險、旅遊平安險、勞工退休金

△制度方面△
彈性工時
完善教育訓練
定期績效考核
順暢升遷管道

∞休假制度∞
周休二日
試用期後即享有10天特休
每年享有不扣薪事病假3天
女性員工每月享有帶薪生理假1天
婚假、產假、陪產假、家庭照顧假

＄獎金制度＄
年終獎金
三節獎金
生日禮金
績效獎金
生育津貼

★歡樂時光★
部門聚餐
慶生會及各式節慶Party活動
員工旅遊津貼補助
茶水間備有零食、飲料、咖啡
高規格健康檢查
","22     Python工程師
370      QA產品測試師
Name: job_name, dtype: object","22     台北市
370    台北市
Name: company_addr, dtype: object"
"潮網科技股份有限公司
                    ","潮網的企業使命：科技讓溝通更有效率 

開放透明：有問題直來直往 
高速迭迨：保持競爭力 
目標導向：目標一致全力達成
分享共構：只要能改進誰都能提建議
","245    (整合行銷一部)產業分析人員
Name: job_name, dtype: object","245    台北市
Name: company_addr, dtype: object"
"烏龜移動科技股份有限公司
                    ","主要媒體渠道與廣告平台，目前包括： 

1. ReTargeting 之王 - 專門服務效果類客戶 - CRITEO 
2. 行動廣告平台 - 烏龜聯播網 
3. 台灣最大學生社群平台 - Meteor 
4. 最權威的足球社群平台 - 挺足球 
5. 7-11 全台最大零售通路會員行銷 -- OPEN POINT
6. 全球最大 短視頻APP --TikTok 
7. 爆料公社 (臉書社團 & APP)
","2      資料工程師 Data Engineer
44            Python 軟體工程師
162                  資料分析師
293                  資料科學家
Name: job_name, dtype: object","2      台北市
44     台北市
162    台北市
293    台北市
Name: company_addr, dtype: object"
"烽泰科技有限公司
                    ","一、數據為本公司核心，專注於數據庫建置、抓取、篩選、分析，搭配客製化系統軟件，結合AI Deep learning 框架，取代人工干預，精準客觀篩選數據，建置完善database management system。 利用Machine Learning、augmented analytics，進行風險預測及管理，減少不必要時間、人力成本，準確預測趨勢走向，為集團提供有效之商業化決策，達到替集團降本增效之目的，將數據淬鍊為推動企業的金鑰。
我們的目標將集結各界人才，各自專注於其金融科技領域之餘，亦將團隊合作奉為公司圭臬，仰賴於此，能夠及即時且準確解決集團總部需求並提供完善的全方位服務。

二、烽泰公司持續接受集團位於歐洲、英國、澳洲地區總部的研發團隊進行新科技、新創意的培訓，並持續不斷向最前瞻的金融科技文化學習，例:倫敦、歐洲、矽谷、新加坡、澳洲等地。優秀員工也可直接至國外學習及工作，提升自我能力。

三、與台灣本地頂尖大學/研究所合作，推動產學合作，積極推動菁英人才養成計畫。

四、與世界金融科技中心-英國國內領先的大學/研究所合作，除了增加國際觀、進行技術研討並與世界金融接軌。

","45      金融數據分析師
371    風險控管審查專員
Name: job_name, dtype: object","45     台北市
371    台北市
Name: company_addr, dtype: object"
"燿華電子股份有限公司
                    ",燿華電子創立於1984年，專精高階印刷電路板生產，並以技術、品質領先業界。在二十多年的經營中，燿華以先進的機器設備、專業的研發精神及一流的技術人才為推動國內經濟而努力，同時，為了提升我們國際的競爭力及產能，不惜耗資億元自國外購入最先進設備並積極擴廠。在全體員工的努力下，我們建立了踏實的科技形象，也提供客戶最佳的品質保證。,"211    Web/BPM/網頁/軟體開發/軟體設計/資訊工程師 (無經驗可;有經驗者,薪資可議)
Name: job_name, dtype: object","211    新北市
Name: company_addr, dtype: object"
"狀態網際網路股份有限公司
                    ","【公司使命】
  讓客戶、公司、自己皆贏，讓這世界充滿豐盛及正面的力量

【公司願景】
  成為軟體業的領導者，提升企業競爭力及創造快樂環境，並成為國際化的公司

【公司理念】
  我們承諾創造一個合作、快樂、典範、創新的世界。

●合作：合作是一種付出，我們的行為、心念其出發點在於「公司、客戶、廠商整個團隊的最大利益為我們的目標」。與工作團隊合作、與客戶合作、與家庭成員合作、致力建立一個互相信任、互利團隊贏的的合作夥伴關係。

●快樂：保持積極、樂觀、快樂的心來工作及溝通。快樂不是隨心所欲，那是狹隘的定義，助人為快樂之本是最極致的快樂。

●典範：典範是一種領袖力，寫文件時、寫程式時、溝通時、創新時、做任何事情時，培養自己成為身邊人的典範，帶領著身邊的所有人，想到是『留給現在及未來的人甚麼？而不是僅考慮自己得到甚麼?』

●創新：創新是一種挑戰，挑戰讓我們敞開心懷、去接受改變，並且重新定義我們認為理所當然的事，創新改變我們的行為，改變了我們開發新產品、應用新技術，也提升我們的行動力。","235    JAVA 軟體設計工程師
Name: job_name, dtype: object","235    新北市
Name: company_addr, dtype: object"
"獅威航空貨運承攬股份有限公司
                    ","    阿里巴巴""一達通""
    亞馬遜頭程物流
    B2B/B2C 海外倉儲
    空運服務 
    海運服務
    海空聯運
    小三通服務
    跨國個人行李、搬家服務
    物流倉儲
    卡車運輸
    貨物運輸保險","352    後端工程師 [Backend]
Name: job_name, dtype: object","352    台北市
Name: company_addr, dtype: object"
"玉山銀行_玉山商業銀行股份有限公司
                    ",玉山是台灣最高的山，以玉山為名，我們的決心就寫在名字上，矢志成為綜合績效最好、也最被尊敬的企業。玉山自創立之初就以「建立制度、培育人才、發展資訊」作為百年事業永續經營的三大支柱，實踐「專業(Expertise)、服務(Service)、責任(Business)」的經營理念，透過長期穩健的努力，朝玉山的共同願景邁進。,"212    【個人金融】消金數據分析專員(新人)
Name: job_name, dtype: object","212    台北市
Name: company_addr, dtype: object"
"珒鼎盛投資有限公司
                    ",協助有志進入區塊鏈業者，進行專業輔導顧問與協助經營與問題解答。,"320    Cryptocurrency Trading Strategy Trader加密貨幣量化策略分析員
Name: job_name, dtype: object","320    台北市
Name: company_addr, dtype: object"
"生活市集_創業家兄弟股份有限公司
                    ","Quality Affordable for All
","35               資料分析師 Data Engineer
46     Data Engineer資料工程師(Data Team)
139           商業分析專員 / 資深商業分析專員 (BI)
Name: job_name, dtype: object","35     台北市
46     台北市
139    台北市
Name: company_addr, dtype: object"
"百瑞精鼎國際股份有限公司
                    ","近年獲獎榮耀
- 2023 彈性工作百大企業Top 100 Remote Work (by FlexJobs) 
- 2022 獲選為""Top CRO to Work With"" by WCG CenterWatch Global Site Relationship Benchmark Survey
- 2022 Catalyst Award Winner
- 2021 最佳創新CRO獎 (by Life Science Awards)
- 2020 CRO Leadership Awards in 6 categories (Capabilities, Compatibility, Expertise, Quality, Phase IV, and Reliability) 
- 2020 亞太區最佳數位化供應鏈獎 (by Biologistics World Asia Conference)
- 2018 MERCER中國最佳健康雇主 
- 2017 Training Top 125 Winner (by Training Magazine) 
- 2017 Forbes America's Best Employers  ","78    Site Intelligence Analyst I/II (數據分析師，資訊/生醫新鮮人可)
Name: job_name, dtype: object","78    台北市
Name: company_addr, dtype: object"
"碩網資訊股份有限公司
                    ",以專業完整的實務經驗，為客戶提供全方位的技術與資料服務，協助客戶挖掘資料價值，利用最佳的AI技術滿足客戶的營運需求，創造最高的客戶、員工與股東價值。,"85                .NET軟體工程師
130    [研發替代役職務]JAVA產品開發工程師
167             JAVA產品開發工程師
Name: job_name, dtype: object","85     新北市
130    新北市
167    新北市
Name: company_addr, dtype: object"
"禾多移動多媒體股份有限公司
                    ","1.對外的承諾，做到數據化取代經驗、自動化減輕人力、一致化體驗服務、無限化數位賦能。
2.我們重視客戶，但更重視夥伴，在保護夥伴為前提，做到客人滿意的服務。","89           資料探勘工程師
98             工程部經理
184      人工智慧系統開發工程師
232    資深人工智慧系統開發工程師
254           演算法工程師
418            系統工程師
Name: job_name, dtype: object","89     台北市
98     台北市
184    台北市
232    台北市
254    台北市
418    台北市
Name: company_addr, dtype: object"
"科飛數位股份有限公司
                    ","開發軟體需要花費許多時間熟悉規範與文檔，且團隊沒有足夠技術該如何?
Kopher意為製作方舟中的關鍵材料「哥斐木」，面向洶湧而至的電動車浪潮，我們期許，能成為這波浪潮中的關鍵核心，驅動綠能運輸的願景。

KopherBit 團隊，由對電動車領域充滿熱情的軟體團隊組成。我們的使命是，以 Saas 模式為核心，簡化開發與測試的複雜度，成為工程師得力助手，讓電動載具夢想加速起飛。","115    ［南北串連］電動車控制器-軟體工程師 （歡迎應屆畢業生/社會新鮮人）
Name: job_name, dtype: object","115    新竹縣
Name: company_addr, dtype: object"
"第一網站股份有限公司
                    ","⋄以數據推動決策，持續進步的文化，產品的每個功能也以 MVP 精神推出，驗證並不斷迭代更新 。

⋄喜歡挑戰，熱愛解決問題。

⋄在這裡犯錯沒關係，成長才是最重要的。","12         資深搜尋引擎(Search Engine)自然語言處理(NLP)工程師
141           Senior System Engineer | 資深系統工程師
203                    System Engineer | 系統工程師
249    Search Engine Optimization | SEO流量成長優化師
Name: job_name, dtype: object","12     台北市
141    台北市
203    台北市
249    台北市
Name: company_addr, dtype: object"
"紅石資訊有限公司
                    ","紅石資訊重視四大模塊

◆客戶第一 :
品質是我們工作與服務的原則，認真的把每一件事、每一件任務做到最好，更要隨時檢討，務求改善，追求並維持「客戶全面滿意」，這就是以「品質是我們工作與服務原則」的具體實踐。

◆超越期待 :

對大多數的同仁而言，一個有挑戰性，可以持續學習，而又有樂趣的工作環境，比金錢報償更為重要。
我們要齊力塑造並維持這樣一個環境，吸引並留住志同道合而且最優秀的人才。

◆擁抱蛻變 :

創新是我們的命脈。如果我們一旦停止創新，將很快的面臨沒落與失敗。
我們不但要在技術方面追求創新，在知識面、管理等各方面更要強調營造樂於溝通的環境，以建立開放型管理模式。

◆互助互信 :

員工與股東同是公司重要的組成份子。我們要提供給員工一個在同業平均水準以上的福利，同時讓股東對公司的投資得到平均水準以上的報酬。
我們要營造樂於溝通的環境，以建立開放型管理模式。

「開放型」代表同仁間互相以誠信、坦率、合作相待。
同仁樂於接受意見，也樂於改進自己。
同時，更將透過集思廣益的方法接受各方看法，而在做成決定後，就團結一致、不分你我、集中力量朝共同目標全力以赴。","99           (需輪班)維運值班工程師
100       (IT相關)IT技術支援工程師
146    (Jr.)SRE網站可靠性運維工程師
Name: job_name, dtype: object","99     台北市
100    台北市
146    台北市
Name: company_addr, dtype: object"
"網聯通訊股份有限公司
                    ","專注於物聯網無線通訊積體電路設計 
 
注重策略，世界市場，追求永續創新。  
鼓勵研發、創新、全球團隊合作、技術挑戰、提高工作效率。
強調不斷成長全球團隊和能力、共同追求所在產業的領導地位。


We believe IoT is pertaining to connecting anything and everything; our device will provide a vital platform for fusing different wireless standards into a true cohesive IoT experience.","36     IPCam Development Engineer
129                    通訊實體層實現工程師
296           ASIC Design Manager
Name: job_name, dtype: object","36     新竹縣
129    新竹縣
296    新竹縣
Name: company_addr, dtype: object"
"美商心環科技股份有限公司台灣分公司
                    ","We strive for meaningful success - By providing value to the society, we will flourish and receive the return along the way.  We believe success will come by if we do the right things consistently and persistently. And we believe the best reward will be working with people of integrity and professionalism as a team in a environment of mutual respect and sharing. 

If you share these values, welcome to join us!","124     軟體工程師
186    演算法工程師
Name: job_name, dtype: object","124    台北市
186    台北市
Name: company_addr, dtype: object"
"美商網基股份有限公司台灣分公司
                    ","美商網基 NetBase Quid的數據分析工具，協助市場研究人員及品牌經理分析比較消費者的愛好，了解產品在網路上的品牌價值，並發掘消費者對產品好惡背後真正的原因。此外，我們的專業領域研發平台，提供學術單位與技術人員最新的技術、產品、專利，以及相關應用，並幫助發現潛在的合作伙伴及競爭對手。

主要商品 / 服務項目
- 協助客戶從不同的面向，及時掌握包括臉書和推特在內的主流社群網路平台上的各種分析。
- 協助高階主管(executives)隨時隨地掌握特定品牌、行銷活動，及競爭對手在社群媒體、新聞、部落格上的即時動態。
- 除了網路上的資料，我們也提供客戶匯入客戶關係管理資料(CRM)，再藉由機器學習(Machine Learning)、最尖端的文字分析、自然語言處理(Natural Language Processing)及電腦視覺(Computer Vision)等技術進行分析，轉化為對企業及品牌有效的資訊。
- 藉由人工智慧(AI)達到資料即時視覺化，了解所有文字間錯綜復雜的關聯性，經由視覺化的網絡分析找出關鍵問題及決策。
- 影像分析技術(Image Analytics) 提供品牌在網路上表現的全貌，藉由電腦視覺(Computer Vision)分析圖片所包含的所有訊息並準確分析出圖像對品牌造成的影響。

我們已服務數百家企業客戶，包括：
- 全球民生消費先驅，例如Coca-Cola、Taco Bell、Yum!、KFC、McDonald's
- 全球頂尖科技標竿，例如Microsoft、Amazon、Google、Sony、HP、Huawei
- 全球流行時尚經典，例如Louis Vuitton、CHANEL、Estée Lauder、Ralph Lauren、L'Oréal
- 全球媒體娛樂巨擘，例如Disney、Warner Bros、ESPN、National Geographic、New York Times
- 全球通訊科技權威，例如T-Mobile、Vodafone、Horizon Media
- 全球汽車工業龍頭，例如Volvo、Yamaha、Toyota、Ford、Hyundai
- 全球廣告行銷領導，例如Ogilvy(奧美集團)、Publicis Media、Edelman
- 全球金融市場巨頭，例如Visa、Softbank、Morgan Stanley、Wells Fargo
- 全球零售產業龍頭，例如Target、7-11、Asos、BEST BUY","23     (2023實習) Machine Learning Engineer (時薪260）(可視訊...
178    (2023 實習) Data Engineer - ETL Specialist (時薪26...
Name: job_name, dtype: object","23     台北市
178    台北市
Name: company_addr, dtype: object"
"美國貝克斯數位媒體有限公司
                    ","Our Vision - Grow the dough.
In everything we do, we believe in challenging the status quo because we're passionate about delivering real solutions that provide the outcomes you're looking for.

Our Experience - Increase profitability.
With more than 100 years of combined experience, our team has provided brands with proven strategies that have increased sales and profitability within the Internet Retail Channel while minimizing channel conflict.

Our Philosophy - Always add value.
We always add value to every client above and beyond expectations. We don't expect that you'll hear our pitch and be sold. Rather, we stop, focus, and listen to your needs then seek to find the real solution that delivers.

Working at Channel Bakers is a job like no other.
 
We take pride in our culture and our sense of community. We strive to offer a fun and engaging environment to help our Bakers bring their best and authentic selves to work daily. We regularly take time to connect and have fun together as a team. We get to work alongside some incredibly talented co-workers and partner with some of the world's most prolific and inspirational brands. We are proud to have a very diverse team of Bakers from the US, Germany, France, Brazil, Scotland, India, Taiwan, and Mongolia, just to name a few! We are a truly global organization headquartered in California with offices in Taiwan, China, the Philippines, and the UK.
 
Our core tenet is that we exist to help people, which is at the heart of all that we do.
We enjoy the challenge of new and unfamiliar tasks; change is our normal, and we can shift gears comfortably. We love to exceed our work and personal goals, and most importantly, we are dedicated to exceeding our clients' expectations. We value self-development; it helps us help others better.
","216    數據工程師 (亞太地區)-分析與洞察部門 Data Scientist (APAC)  – ...
Name: job_name, dtype: object","216    台北市
Name: company_addr, dtype: object"
"群光電能科技股份有限公司
                    ","•	不斷地提供顧客的滿意
        --顧客導向
        --以客為尊
•	不斷地謀求同仁的福利
         --人性管理
         --尊重個人
•	不斷地開創公司的發展
        --目標管理
        --追求卓越
•	不斷地塑造人類的幸福
        --品質創新
        --造福人群

","103         Data Engineer
126                DevOps
280    DevOps QA Engineer
284           韌體工程師(工業電腦)
Name: job_name, dtype: object","103    新北市
126    新北市
280    新北市
284    新北市
Name: company_addr, dtype: object"
"群琁地理資訊顧問股份有限公司
                    ","本公司致力於GIS領域之創新發展，於工作之中發想可能的應用，並樂於培養有志於從事地理資訊方面的人才，一同激盪出創意的火花。
","63     應用系統程式設計師_2
427    應用系統程式設計師_1
Name: job_name, dtype: object","63     台北市
427    台北市
Name: company_addr, dtype: object"
"耐思尼股份有限公司
                    ","Since 2019, Nexuni team has been dedicated to developing intelligent unmanned systems to enhance productivity in business operations. In early 2022, Nexuni has officially registered in Taiwan, ready to provide robotic products at a larger scale. At Nexuni, we connect global experts in robotics, AI, IoT and aim to be a premier intelligent unmanned systems provider of various management schemes. Dessert & beverage shops and parking lots are two growing markets that demand innovative and trustable automated solutions to aid owners manage their businesses. Our primary goal is to offer robust and affordable robotic systems to achieve automated stores and parking lots with minimal human monitoring. We focused on these two management schemes and have started collecting field knowledge from our pilot sites in Taiwan since 2020. Nexuni has set up 3 pilot dessert & beverage stores - DoDay and 19 pilot parking lots - CarDay, collecting data from all aspects of the daily operations. The enormous amount of data will be crucial for our robot as the base knowledge to manage businesses in these two schemes.
The company name Nexuni is the combination of next and unique. “For the next unique you” is the value that we want to bring to our customers. Every customer and every site is unique. We designed our robotic systems so that it adapts and learns from the unique experience at each site. The ultimate goal is to evolve into a fully automated robotic management system that barely needs human monitoring.

自2019年以來，Nexuni團隊一直致力於開發智能無人系統，以提高企業運營的效率。在2022年初，Nexuni正式在台灣註冊，準備以更大規模提供機器人產品。在Nexuni，我們聚集了全球的機器人、人工智慧和物聯網專家，旨在成為各種管理方案的頂尖智能無人系統提供商。甜點飲料店和停車場是兩個不斷增長的市場，需要創新且可信賴的自動化解決方案，以協助店主管理業務。我們的主要目標是提供堅固且實惠的機器人系統，實現自動化店鋪和停車場，並減少人工監控。我們專注於這兩種管理方案，自2020年以來在台灣設立了3個甜點飲料店的試點和19個停車場的試點（DoDay和CarDay），從日常運營的各個方面收集數據。龐大的數據量將是我們的機器人管理業務的基礎知識。

公司名稱Nexuni是next和unique的結合。我們要為客戶帶來“下一個獨特的您”的價值觀。每個客戶和每個場所都是獨特的。我們設計了我們的機器人系統，使其能夠從每個場所的獨特體驗中適應和學習。最終目標是演變成一個完全自動化的機器人管理系統，幾乎不需要人工監控。我們的團隊將保持專業和情感的結合，致力於為客戶提供優質且創新的解決方案。

我們的團隊氛圍極佳，每位員工都能夠在這裡找到自己的位置，相互尊重、合作、分享知識和經驗。正如我們的公司名稱Nexuni，意思是Next和Unique的結合，不只是用在商務經營理念上，也期望每位員工都能夠找到自己獨特的價值和定位，成為公司發展的關鍵人物。我們不斷追求創新與突破，不斷學習與成長，致力於成為領先的人工智慧企業。","266    自動化系統整合工程師 Automation Systems Integration Engi...
Name: job_name, dtype: object","266    新竹縣
Name: company_addr, dtype: object"
"聖島國際專利商標聯合事務所
                    ",專、業、誠、信,"356    軟體開發工程師
Name: job_name, dtype: object","356    台北市
Name: company_addr, dtype: object"
"自由系統股份有限公司
                    ","自由系統致力於成為卓越全球企業。我們定義了清楚且積極投入的願景、帶動營運成長的主要經濟引擎以及企業的核心專長。

◆我們的使命：企業數位轉型加速與安全守護夥伴
◆我們的目標：成爲全球資安維運企業數位轉型顧問服務的領先者
◆成長模式：
- 投資與合併資訊服務公司
- 打造專業服務品牌
- 發展通路與原廠MSP夥伴

◆我們的價值觀
從內部文化塑造、人員選用培育及日常作業執行，落實核心價值，培養員工並塑造企業成為誠正信實、專業可靠的社會組成及經濟貢獻者

－誠信正直(Integrity)
此為本公司首要的核心價值，在公司內部文化建立、人員選用等，皆貫徹此理念，絕不因短期利益而犧牲對客戶的承諾。

－認真負責 (Accountability)
當責亦為本公司重要的理念，我們重視客戶的需求或問題，更致力尋求根本解決的方式。

－專業服務(Professionalism)
本公司透過不斷提升專業能力，以期提供客戶高度的技術服務，同時也注重服務過程中的專業度，舉凡專案管理、業務接洽等服務，致力追求客戶之全面滿意。

－追求卓越(Excellence)
我們不斷地追求卓越，目的就是為了確保客戶與本公司的永續經營，並且替社會創造更多的價值及承擔更多企業社會責任 (CSR, Corporate Social Responsibility)。","276                                              資深網路工程師
281    「FREEDOM TALENT」2023校園徵才計劃--雲端工程師（Cloud Engineer）
367    「FREEDOM TALENT」2023校園徵才計劃--資安工程師（Security Eng...
423                               L2 維運工程師 (系統工程師、網路工程師）
Name: job_name, dtype: object","276    台北市
281    台北市
367    台北市
423    台北市
Name: company_addr, dtype: object"
"舒果農企業有限公司
                    ","我們希望透過更多改變與執行, 解決農業產銷端的問題,減少農產品至消費者手中之間層層剝削。
透過制度建立,以公正公開之方式, 運用消費者回饋於平台之資金,進而反饋予小農。 
我們希望建立「第二方驗證系統」與「農友認證補助基金」, 促使農產業得以永續發展。 ","339    無毒農電商平台 後端工程師 (３~5 .NET C# Core 工作經驗)
Name: job_name, dtype: object","339    台北市
Name: company_addr, dtype: object"
"艾得利智能行銷科技股份有限公司
                    ","◆ 運用數據和AI，為品牌打造行銷利器、啟動深度客群經營
◆ 利用MarTech幫助企業提升市場競爭力","37                    【產品研發】AI 機器學習工程師
171    【產品研發】Junior/Senior PHP 後端平台工程師
Name: job_name, dtype: object","37     台北市
171    台北市
Name: company_addr, dtype: object"
"艾普勒科技股份有限公司
                    ","分紅/配股  
員工紅利

獎金/禮品
年終獎金
三節禮金/禮品
績效獎金 

保險類
勞保
健保
員工團保

制度類 
完整的教育訓練
順暢的升遷管道

請/休假制度
周休二日
特休(年)假
不扣薪病假

其他
健康檢查

補助類
結婚禮金","233    軟體工程師
Name: job_name, dtype: object","233    新竹縣
Name: company_addr, dtype: object"
"英商艾歐鐵克有限公司台灣分公司
                    ",IOTech’s aim is to be a leader in the global Edge/Fog IoT platform market through a productized open source business model and a channel strategy incorporating the key global IoT players who are looking to leverage OT software solutions and skills they do not currently possess. Key elements of IOTech’s strategy are as follows:,"5     軟體測試工程師
42    資深軟體工程師
95      軟體工程師
Name: job_name, dtype: object","5     台北市
42    台北市
95    台北市
Name: company_addr, dtype: object"
"英屬開曼群島商史泰博股份有限公司台灣分公司
                    ","STAPRO : Stay professional

史泰博．台灣深耕國內市場十餘年，建立了高效、便捷的企業採購平台，然努力永無止盡，為提供更專業、完善的服務，我們決心企業再造，將「Staples / 史泰博．台灣」，更名為「 史泰博．台灣 / STAPRO」，S.T.A.P.R.O代表著公司六大願景，定位未來領航方向，期許史泰博．台灣成為國內外各公司行號及企業內員工的最佳夥伴！

「Superior」卓越的員工＋卓越的管理→卓越的商品與服務
「Trustworthy」 客戶及供應商最值得信賴的B2B+C平台伙伴
「Almighty」滿足客戶全方位需求，提供一站式購足服務
「Professional」領先業界的專業IT、客服、業務、物流與管理團隊
「Responsive」敏捷回應客戶要求，問題即時妥善處理
「Original」 源自於美商的精準管理系統，提供日式職人精神般專業的在地服務","415    軟體工程師[全台最大辦公用品供應商]
Name: job_name, dtype: object","415    新北市
Name: company_addr, dtype: object"
"華翰物產實業股份有限公司
                    ","我們致力於為社會做出積極的貢獻。我們創造了數千個就業機會，發展技能，建立基礎設施，並從當地生產商採購並建立了社會基礎。

We are committed to making a positive contribution to society. We create thousands of employments, develop skills, build basic infrastructure and procure from local producers and create society foundation.","90    資料科學家 (Data Scientist)-台北(Taipei)
Name: job_name, dtype: object","90    台北市
Name: company_addr, dtype: object"
"萬海航運股份有限公司
                    ",顧客至上，全員參與，環境保護，永續經營。,"192    網路管理及資安管理人員
Name: job_name, dtype: object","192    台北市
Name: company_addr, dtype: object"
"藝珂人事顧問股份有限公司
                    ","better work, better life，是藝珂長遠商業策略的核心，概括整體的經營服務策略。藝珂期望所做的不僅僅是提供工作機會，並著重於人才培育和職業開發。","303    【新創軟體外商正職徵才】Customer Success Engineer 業務支援工程師_...
Name: job_name, dtype: object","303    新北市
Name: company_addr, dtype: object"
"街口電子支付股份有限公司
                    ","1. 敢夢想
2. 做有價值的事
3. 堅持與相信
4. 團隊合作
5. 一切都是為了更好的使用者體驗！



獲獎：
2021/11/26 街口支付獲第六屆台灣服務創新獎 提供用戶更好的使用體驗
https://udn.com/news/story/7239/5918377
2021/10/27 街口支付應對疫情快速滿足市場需求 獲《第四屆網路口碑之星》領航創新獎
https://dailyview.tw/Popular/Detail/12206

專訪及報導：
2021/12/29 跨出電子支付框架！街口如何將流量變現，一步步實現生態圈願景？-產品長Clare專訪
https://fc.bnext.com.tw/articles/view/1936
2021/12/16 街口全力朝區塊鏈金融轉型，胡亦嘉：鏈上有無盡翱翔的天空-執行長Kevin專訪
https://www.bnext.com.tw/article/66819/jkos-blockchain
2021/11/12 街口購物節人數成長2倍 逾5千人低於85折買到iPhone 13
https://udn.com/news/story/7241/5886742


","4                        Senior Backend Engineer
21                           DevSecOps Engineers
109                    Site Reliability Engineer
116                             Backend Engineer
218               技術美術 Technical Artist (街口金融科技)
241    Site Reliability Engineer - Data Platform
395                                Data Engineer
Name: job_name, dtype: object","4      台北市
21     台北市
109    台北市
116    台北市
218    台北市
241    台北市
395    台北市
Name: company_addr, dtype: object"
"裕隆集團_格上汽車租賃股份有限公司
                    ","誠信. 專業. 熱忱

創新領先顧客所需
服務超越顧客所要
格上租車閣下至上","265     《數位轉型》資深資料分析師(Data Analyst)
272    《數位轉型》資深資料工程師(Data Engineer)
Name: job_name, dtype: object","265    新北市
272    新北市
Name: company_addr, dtype: object"
"詮睿科技股份有限公司
                    ","詮睿科技股份有限公司(Talent-Jump Technologies, Inc.) 
為一群在IT資安產業耕耘多年的IT人一同創立，鑑於資安議題日趨重要，我們希望能為企業在資安意識及架構上，以最接近駭客的思維提供最專業的資安解決方案，協助企業提高資安意識及架構。 
我們秉持著「資安為本」的概念，持續關注市場上資安攻繫手法的演變及更新，並加強自我本身的能力，期望能以最迅速，及最專業的服務，提供企業專業的技術服務，與顧問服務。","134    網路工程師
204    後端工程師
247    資安工程師
Name: job_name, dtype: object","134    台北市
204    台北市
247    台北市
Name: company_addr, dtype: object"
"豐卉有限公司
                    ",資訊軟體開發、銷售與服務；資料處理與數據分析服務；其他綜合商品批發代理服務。,"210    資料分析師
Name: job_name, dtype: object","210    台北市
Name: company_addr, dtype: object"
"財團法人中華經濟研究院
                    ",,"237    中華經濟研究院第二所徵專職計畫輔佐研究員1名（商管相關領域碩士或博士畢，且具法人經歷者）
290                     第三所誠徵專職計畫輔佐研究員（產業經濟、財金相關領域）
Name: job_name, dtype: object","237    台北市
290    台北市
Name: company_addr, dtype: object"
"迅源科技有限公司
                    ","技術創新,引領積體電路設計驗證方法
突顯差異,整合相關環境符合客戶需求
開源社群,回饋開發成果促進產業發展","136           驗證IP研發工程師
140    軟體開源 slang 研發工程師
242             軟體研發工程師
Name: job_name, dtype: object","136    新竹縣
140    新竹縣
242    新竹縣
Name: company_addr, dtype: object"
"遠東新世紀股份有限公司
                    ","　創辦人徐有庠先生以「誠信」作為事業體經營發展的最高指導原則，凡事但求確確時時，不作假、不隱瞞，並推而廣之，塑建「誠、勤、樸、慎」及創新的立業精神：
誠者，真誠也。對顧客、社會大眾、同事都要真誠相待，對同事都要真誠相待，彼此有信，才能合作無間。
勤者，勤奮也。每個人都要勤奮工作，努力不懈，才能日新又新；以勤補拙，才可望克服萬難。
樸者，儉樸也。生活簡樸、愛福惜福，自然能夠清心寡欲，人生才會快樂。
慎者，審慎也。做任何事情，事前都必須審慎評估，做好規劃，才容易成功。","342    集團聯合稽核總部/資料工程師(台北遠企)
Name: job_name, dtype: object","342    台北市
Name: company_addr, dtype: object"
"醫流體股份有限公司
                    ",MedFluid醫流體之創立，源於創辦人親人治療無效之遺憾，因此本公司以改善現行醫療技術瓶頸為己責，希望能將先進技術商品化並推廣普及至地球每個角落，讓這個世界更加幸福溫暖。,"333    軟韌體研發工程師/儲備幹部
Name: job_name, dtype: object","333    新竹縣
Name: company_addr, dtype: object"
"金程電子有限公司
                    ",創新研發,"213    遊戲工程師
Name: job_name, dtype: object","213    新北市
Name: company_addr, dtype: object"
"鈦度科技有限公司
                    ","We don’t code software, we play software!! Silicon Valley style American startup, geeks over 90%!!","198    python工程師
Name: job_name, dtype: object","198    台北市
Name: company_addr, dtype: object"
"鈺立微電子股份有限公司
                    ","我們的團隊始於超過二十年的世界級IC設計半導體集團。
創辦人以及主要投資人為全球半導體設計的權威， 團隊具備IC先進製程及開發資源。 
我們將秉持1.破壞式創新 2.全球化經營 3.國際性團隊，成為世界級科技公司。","300    軟體驗證工程師
Name: job_name, dtype: object","300    台北市
Name: company_addr, dtype: object"
"鉅晶國際股份有限公司
                    ","鉅晶(JJNET)致力於協同經銷夥伴共同達成以客戶需求為導向的優質解決方案，藉由我們代理產品的經營及運籌，建立與經銷夥伴雙贏、客戶雙贏的企業經營理念與價值。
","147    資安技術工程師_台北
189    資安技術工程師_JL
Name: job_name, dtype: object","147    台北市
189    台北市
Name: company_addr, dtype: object"
"阿爾奇科技有限公司
                    ","阿爾奇科技保持對亞馬遜Day 1的初衷文化，竭力滿足客戶及其需求，秉持著客戶至上的精神，將客戶的需求視為公司成長的動力，透過積極培養齊心合力的團隊，創造與客戶雙贏的局面．

我們非常重視阿爾奇的每一位員工，除了有開放、自由、多元文化的工作環境外，也提供員工學習及未來成長的空間，歡迎優秀的朋友同好們一起加入我們的工作行列，一起在雲端時代共創美好的未來！
","170    雲端系統工程師
Name: job_name, dtype: object","170    台北市
Name: company_addr, dtype: object"
"集雅科技股份有限公司
                    ","「讓人工智慧豐富你我的生活」是我們簡單而堅定的信念。

我們相信站在科技這個巨人的肩膀上，人類勢必能走的更高更遠，而人類精巧細緻的靈魂，不該再被繁複的事務限制住，有了人工智慧的幫助，我們能夠更加盡情的揮灑生命的色彩。

集雅期盼台灣技術能夠被世界看見，更期待台灣技術能夠成為世界的助力，讓所有人都能受益於人工智慧的力量。如果你想要快速成長、熱愛解決問題，集雅團隊誠摯邀請你一同加入，成為照亮科技前路的一束火光。","111               AI 工程師
310       產品研發工程師(AI 內容)
344        產品研發工程師（廣告系統）
355    Junior DevOps 工程師
Name: job_name, dtype: object","111    台北市
310    台北市
344    台北市
355    台北市
Name: company_addr, dtype: object"
"雲仲資訊股份有限公司
                    ",雲仲資訊股份有限公司團隊是由一群顏值高、有活力、聰明的成員組成，來自於各領域專家，扁平的組織結構更能快速溝通，是一個充滿歡樂的工作氛圍，歡迎你一起成為雲仲資訊股份有限公司的夥伴，讓雲仲資訊往更高的目標邁進！,"354    Front-End Engineer 前端工程師
Name: job_name, dtype: object","354    新竹市
Name: company_addr, dtype: object"
"雲沛科技股份有限公司
                    ","雲沛科技的未來展望
以備份備援、網路、虛擬平台、儲存裝置為基礎，逐漸發展資訊安全(Security)、資料庫管理(Database Management)、雲端平台(Cloud Platform)產品線與技術能力，健全雲沛科技的產品線與解決方案，以提供企業客戶全面性的IT環境系統平台，達到企業永續發展的目標。","180    軟體工程師
Name: job_name, dtype: object","180    台北市
Name: company_addr, dtype: object"
"鴻佰科技股份有限公司
                    ","1.共同創業，分享成果。
2.持續的勇氣與決心，貢獻智慧與汗水。
3.以人為本，創造良性互動與競爭的環境。
4.堅持理念，步步為營，確保公司長期發展與成長。","83     DN-數據技術PM(DT) (工作地:新竹工業區_湖口)
86         BMC 韌體設計工程師 (工作地: 新北土城區)
148           數據獲取工程師(工作地:新竹工業區_湖口)
161       Python開發工程師(工作地:新竹工業區_湖口)
345     DN-平台技術PM(PT)(工作地:新竹工業區_湖口)
363    DN-分析技術PM(AT) (工作地:新竹工業區_湖口)
Name: job_name, dtype: object","83     新竹縣
86     新北市
148    新竹縣
161    新竹縣
345    新竹縣
363    新竹縣
Name: company_addr, dtype: object"
